id,gruposensitivo
110001,1
110002,0
110003,0
110004,1
110005,1
110006,1
110007,1
110008,1
110009,1
110010,1
110011,0
110012,1
110013,0
110014,0
110015,0
110016,0
110017,0
110018,1
110019,0
110020,0
110021,0
110022,1
110023,1
110024,1
110025,0
110026,0
110027,1
110028,0
110029,0
110030,1
110031,1
110032,0
110033,1
110034,1
110035,1
110036,0
110037,1
110038,1
110039,1
110040,0
110041,1
110042,0
110043,0
110044,0
110045,1
110046,1
110047,0
110048,0
110049,1
110050,1
110051,0
110052,0
110053,1
110054,0
110055,0
110056,0
110057,0
110058,1
110059,0
110060,1
110061,0
110062,0
110063,1
110064,1
110065,1
110066,1
110067,1
110068,0
110069,0
110070,1
110071,1
110072,1
110073,1
110074,0
110075,0
110076,1
110077,0
110078,1
110079,1
110080,1
110081,1
110082,0
110083,1
110084,1
110085,1
110086,0
110087,1
110088,0
110089,0
110090,1
110091,1
110092,1
110093,1
110094,0
110095,1
110096,1
110097,1
110098,0
110099,0
110100,1
110101,1
110102,1
110103,1
110104,1
110105,0
110106,1
110107,0
110108,0
110109,1
110110,1
110111,1
110112,0
110113,1
110114,0
110115,1
110116,1
110117,1
110118,1
110119,0
110120,1
110121,0
110122,0
110123,1
110124,0
110125,1
110126,0
110127,0
110128,1
110129,1
110130,0
110131,1
110132,0
110133,1
110134,1
110135,1
110136,1
110137,1
110138,1
110139,1
110140,1
110141,1
110142,1
110143,0
110144,1
110145,1
110146,1
110147,0
110148,1
110149,1
110150,0
110151,1
110152,1
110153,0
110154,1
110155,1
110156,1
110157,1
110158,1
110159,0
110160,0
110161,0
110162,0
110163,1
110164,1
110165,0
110166,0
110167,1
110168,1
110169,0
110170,1
110171,1
110172,1
110173,0
110174,0
110175,0
110176,1
110177,1
110178,1
110179,0
110180,1
110181,0
110182,1
110183,1
110184,1
110185,0
110186,0
110187,1
110188,1
110189,1
110190,0
110191,1
110192,1
110193,1
110194,1
110195,0
110196,0
110197,0
110198,1
110199,1
110200,0
110201,1
110202,1
110203,0
110204,1
110205,1
110206,1
110207,0
110208,0
110209,1
110210,0
110211,1
110212,1
110213,1
110214,0
110215,1
110216,1
110217,0
110218,1
110219,0
110220,1
110221,1
110222,1
110223,1
110224,1
110225,1
110226,0
110227,0
110228,1
110229,0
110230,0
110231,0
110232,0
110233,1
110234,1
110235,1
110236,0
110237,1
110238,0
110239,1
110240,1
110241,1
110242,1
110243,0
110244,1
110245,1
110246,1
110247,1
110248,1
110249,1
110250,1
110251,0
110252,0
110253,1
110254,1
110255,0
110256,1
110257,1
110258,1
110259,1
110260,1
110261,1
110262,1
110263,0
110264,0
110265,1
110266,0
110267,0
110268,1
110269,1
110270,0
110271,1
110272,0
110273,0
110274,0
110275,0
110276,1
110277,0
110278,1
110279,1
110280,1
110281,1
110282,1
110283,1
110284,1
110285,0
110286,1
110287,1
110288,1
110289,1
110290,1
110291,0
110292,1
110293,1
110294,0
110295,0
110296,0
110297,1
110298,0
110299,0
110300,0
110301,1
110302,1
110303,1
110304,1
110305,1
110306,0
110307,0
110308,1
110309,0
110310,1
110311,0
110312,1
110313,0
110314,1
110315,0
110316,1
110317,1
110318,1
110319,0
110320,1
110321,1
110322,0
110323,0
110324,1
110325,0
110326,0
110327,1
110328,1
110329,1
110330,1
110331,1
110332,1
110333,0
110334,0
110335,1
110336,0
110337,1
110338,1
110339,0
110340,0
110341,1
110342,0
110343,1
110344,0
110345,0
110346,1
110347,1
110348,1
110349,1
110350,1
110351,1
110352,1
110353,0
110354,1
110355,0
110356,1
110357,1
110358,1
110359,1
110360,0
110361,1
110362,0
110363,0
110364,1
110365,0
110366,0
110367,1
110368,1
110369,1
110370,1
110371,1
110372,1
110373,0
110374,1
110375,1
110376,1
110377,1
110378,1
110379,0
110380,0
110381,1
110382,1
110383,1
110384,1
110385,1
110386,1
110387,1
110388,1
110389,1
110390,1
110391,0
110392,1
110393,1
110394,1
110395,1
110396,1
110397,1
110398,0
110399,0
110400,0
110401,1
110402,1
110403,1
110404,1
110405,0
110406,1
110407,1
110408,0
110409,1
110410,1
110411,0
110412,1
110413,0
110414,1
110415,1
110416,1
110417,0
110418,1
110419,1
110420,0
110421,0
110422,1
110423,0
110424,1
110425,1
110426,1
110427,0
110428,1
110429,1
110430,1
110431,0
110432,0
110433,1
110434,1
110435,1
110436,0
110437,0
110438,0
110439,1
110440,1
110441,0
110442,1
110443,1
110444,1
110445,1
110446,0
110447,0
110448,1
110449,1
110450,1
110451,1
110452,1
110453,1
110454,0
110455,1
110456,0
110457,1
110458,1
110459,0
110460,1
110461,0
110462,1
110463,0
110464,0
110465,1
110466,0
110467,0
110468,1
110469,1
110470,0
110471,0
110472,1
110473,1
110474,0
110475,1
110476,1
110477,1
110478,0
110479,0
110480,1
110481,1
110482,1
110483,0
110484,1
110485,0
110486,1
110487,0
110488,0
110489,1
110490,1
110491,1
110492,1
110493,0
110494,1
110495,1
110496,0
110497,1
110498,1
110499,0
110500,1
110501,0
110502,0
110503,0
110504,0
110505,0
110506,1
110507,1
110508,1
110509,1
110510,1
110511,1
110512,0
110513,0
110514,1
110515,1
110516,1
110517,1
110518,0
110519,0
110520,1
110521,1
110522,1
110523,1
110524,1
110525,1
110526,1
110527,0
110528,1
110529,0
110530,0
110531,1
110532,1
110533,0
110534,1
110535,1
110536,1
110537,1
110538,0
110539,1
110540,0
110541,1
110542,1
110543,1
110544,0
110545,1
110546,0
110547,0
110548,0
110549,0
110550,1
110551,0
110552,1
110553,0
110554,1
110555,1
110556,1
110557,0
110558,1
110559,1
110560,1
110561,1
110562,0
110563,0
110564,0
110565,1
110566,0
110567,1
110568,1
110569,0
110570,1
110571,0
110572,1
110573,1
110574,0
110575,1
110576,1
110577,0
110578,1
110579,1
110580,1
110581,1
110582,1
110583,1
110584,1
110585,1
110586,1
110587,1
110588,1
110589,0
110590,1
110591,1
110592,0
110593,1
110594,0
110595,1
110596,1
110597,1
110598,0
110599,1
110600,1
110601,1
110602,1
110603,0
110604,0
110605,0
110606,1
110607,1
110608,1
110609,1
110610,1
110611,1
110612,0
110613,1
110614,0
110615,1
110616,0
110617,0
110618,0
110619,1
110620,1
110621,1
110622,1
110623,1
110624,1
110625,1
110626,1
110627,0
110628,1
110629,0
110630,1
110631,1
110632,1
110633,1
110634,0
110635,0
110636,0
110637,0
110638,1
110639,1
110640,0
110641,1
110642,0
110643,1
110644,1
110645,1
110646,1
110647,0
110648,1
110649,1
110650,0
110651,1
110652,1
110653,1
110654,1
110655,0
110656,0
110657,1
110658,1
110659,1
110660,1
110661,0
110662,1
110663,1
110664,1
110665,1
110666,1
110667,0
110668,0
110669,1
110670,0
110671,1
110672,1
110673,0
110674,0
110675,1
110676,0
110677,1
110678,0
110679,0
110680,0
110681,0
110682,1
110683,1
110684,0
110685,0
110686,1
110687,0
110688,1
110689,1
110690,1
110691,1
110692,1
110693,1
110694,0
110695,0
110696,1
110697,1
110698,0
110699,1
110700,1
110701,1
110702,0
110703,1
110704,1
110705,0
110706,1
110707,1
110708,0
110709,1
110710,1
110711,1
110712,0
110713,1
110714,1
110715,1
110716,0
110717,0
110718,0
110719,0
110720,1
110721,1
110722,0
110723,1
110724,0
110725,1
110726,1
110727,1
110728,1
110729,0
110730,0
110731,0
110732,1
110733,1
110734,1
110735,1
110736,1
110737,1
110738,1
110739,1
110740,1
110741,1
110742,0
110743,0
110744,0
110745,1
110746,0
110747,0
110748,1
110749,1
110750,0
110751,1
110752,1
110753,1
110754,1
110755,1
110756,0
110757,1
110758,0
110759,0
110760,0
110761,1
110762,1
110763,0
110764,0
110765,1
110766,1
110767,1
110768,1
110769,1
110770,1
110771,1
110772,1
110773,1
110774,1
110775,0
110776,0
110777,1
110778,1
110779,0
110780,0
110781,0
110782,0
110783,1
110784,1
110785,0
110786,0
110787,1
110788,0
110789,0
110790,0
110791,1
110792,0
110793,1
110794,1
110795,0
110796,0
110797,1
110798,1
110799,1
110800,0
110801,0
110802,1
110803,1
110804,0
110805,1
110806,1
110807,1
110808,0
110809,1
110810,1
110811,1
110812,1
110813,1
110814,0
110815,0
110816,0
110817,1
110818,1
110819,1
110820,1
110821,1
110822,1
110823,1
110824,1
110825,1
110826,1
110827,0
110828,1
110829,0
110830,1
110831,0
110832,1
110833,1
110834,0
110835,0
110836,1
110837,1
110838,1
110839,1
110840,0
110841,0
110842,0
110843,0
110844,0
110845,1
110846,1
110847,0
110848,1
110849,0
110850,1
110851,1
110852,0
110853,0
110854,1
110855,1
110856,1
110857,0
110858,1
110859,0
110860,1
110861,1
110862,1
110863,1
110864,1
110865,0
110866,0
110867,0
110868,1
110869,1
110870,0
110871,1
110872,1
110873,1
110874,0
110875,1
110876,0
110877,0
110878,1
110879,0
110880,0
110881,0
110882,1
110883,1
110884,1
110885,1
110886,1
110887,0
110888,1
110889,1
110890,0
110891,0
110892,1
110893,1
110894,1
110895,0
110896,0
110897,1
110898,1
110899,1
110900,1
110901,0
110902,1
110903,0
110904,1
110905,0
110906,1
110907,1
110908,0
110909,0
110910,1
110911,1
110912,1
110913,1
110914,0
110915,1
110916,1
110917,0
110918,0
110919,1
110920,1
110921,0
110922,1
110923,1
110924,0
110925,1
110926,0
110927,0
110928,1
110929,0
110930,1
110931,1
110932,0
110933,0
110934,1
110935,0
110936,0
110937,0
110938,1
110939,1
110940,0
110941,1
110942,1
110943,0
110944,1
110945,0
110946,0
110947,0
110948,0
110949,0
110950,1
110951,1
110952,0
110953,1
110954,1
110955,0
110956,1
110957,1
110958,0
110959,0
110960,1
110961,0
110962,0
110963,1
110964,1
110965,1
110966,1
110967,1
110968,1
110969,1
110970,1
110971,0
110972,0
110973,1
110974,1
110975,1
110976,1
110977,0
110978,1
110979,1
110980,1
110981,0
110982,0
110983,1
110984,0
110985,0
110986,1
110987,0
110988,0
110989,1
110990,1
110991,0
110992,1
110993,1
110994,1
110995,1
110996,1
110997,1
110998,1
110999,1
111000,1
111001,1
111002,1
111003,1
111004,1
111005,1
111006,0
111007,0
111008,0
111009,1
111010,1
111011,1
111012,0
111013,1
111014,0
111015,0
111016,0
111017,1
111018,1
111019,1
111020,1
111021,1
111022,1
111023,1
111024,1
111025,1
111026,0
111027,0
111028,1
111029,0
111030,0
111031,1
111032,1
111033,0
111034,0
111035,1
111036,1
111037,0
111038,1
111039,0
111040,1
111041,1
111042,0
111043,1
111044,1
111045,0
111046,1
111047,1
111048,1
111049,1
111050,1
111051,1
111052,1
111053,1
111054,0
111055,0
111056,0
111057,1
111058,1
111059,0
111060,1
111061,0
111062,0
111063,0
111064,1
111065,0
111066,0
111067,0
111068,1
111069,1
111070,0
111071,1
111072,0
111073,1
111074,1
111075,1
111076,1
111077,1
111078,1
111079,1
111080,1
111081,1
111082,1
111083,1
111084,1
111085,1
111086,0
111087,0
111088,1
111089,1
111090,1
111091,1
111092,1
111093,0
111094,0
111095,0
111096,1
111097,0
111098,1
111099,1
111100,1
111101,1
111102,1
111103,0
111104,0
111105,1
111106,1
111107,0
111108,0
111109,1
111110,0
111111,0
111112,0
111113,1
111114,1
111115,1
111116,1
111117,0
111118,0
111119,0
111120,0
111121,1
111122,1
111123,1
111124,1
111125,1
111126,1
111127,1
111128,1
111129,1
111130,1
111131,1
111132,1
111133,1
111134,0
111135,1
111136,0
111137,0
111138,0
111139,1
111140,1
111141,0
111142,1
111143,1
111144,0
111145,1
111146,0
111147,1
111148,0
111149,1
111150,0
111151,0
111152,0
111153,0
111154,1
111155,0
111156,1
111157,0
111158,0
111159,0
111160,0
111161,1
111162,1
111163,1
111164,0
111165,1
111166,1
111167,1
111168,0
111169,1
111170,0
111171,1
111172,0
111173,1
111174,1
111175,1
111176,1
111177,1
111178,0
111179,1
111180,1
111181,1
111182,1
111183,0
111184,0
111185,0
111186,0
111187,1
111188,0
111189,1
111190,1
111191,0
111192,0
111193,1
111194,0
111195,0
111196,0
111197,1
111198,0
111199,0
111200,1
111201,1
111202,1
111203,1
111204,0
111205,1
111206,1
111207,1
111208,1
111209,1
111210,1
111211,1
111212,0
111213,0
111214,1
111215,1
111216,0
111217,1
111218,1
111219,1
111220,1
111221,1
111222,1
111223,1
111224,1
111225,0
111226,1
111227,1
111228,0
111229,0
111230,1
111231,0
111232,1
111233,0
111234,1
111235,1
111236,1
111237,0
111238,0
111239,1
111240,1
111241,1
111242,1
111243,0
111244,1
111245,0
111246,1
111247,1
111248,1
111249,1
111250,0
111251,1
111252,1
111253,1
111254,0
111255,0
111256,0
111257,1
111258,1
111259,1
111260,0
111261,0
111262,0
111263,0
111264,1
111265,1
111266,1
111267,1
111268,0
111269,1
111270,0
111271,1
111272,1
111273,1
111274,1
111275,1
111276,1
111277,0
111278,1
111279,0
111280,1
111281,0
111282,0
111283,0
111284,0
111285,0
111286,0
111287,1
111288,0
111289,0
111290,1
111291,0
111292,1
111293,1
111294,0
111295,1
111296,0
111297,0
111298,0
111299,0
111300,0
111301,0
111302,1
111303,0
111304,0
111305,1
111306,0
111307,0
111308,0
111309,1
111310,1
111311,1
111312,0
111313,1
111314,1
111315,1
111316,0
111317,0
111318,1
111319,1
111320,1
111321,0
111322,1
111323,0
111324,1
111325,0
111326,1
111327,0
111328,1
111329,0
111330,1
111331,1
111332,1
111333,0
111334,1
111335,1
111336,1
111337,1
111338,1
111339,0
111340,0
111341,0
111342,0
111343,1
111344,1
111345,1
111346,0
111347,0
111348,1
111349,0
111350,1
111351,1
111352,0
111353,1
111354,1
111355,1
111356,0
111357,1
111358,0
111359,0
111360,1
111361,0
111362,0
111363,1
111364,1
111365,0
111366,1
111367,0
111368,1
111369,1
111370,1
111371,0
111372,1
111373,1
111374,1
111375,1
111376,1
111377,1
111378,1
111379,0
111380,1
111381,1
111382,1
111383,1
111384,0
111385,1
111386,1
111387,1
111388,1
111389,0
111390,0
111391,0
111392,1
111393,1
111394,1
111395,1
111396,1
111397,1
111398,1
111399,1
111400,0
111401,1
111402,1
111403,1
111404,1
111405,1
111406,1
111407,0
111408,0
111409,0
111410,0
111411,0
111412,1
111413,1
111414,1
111415,1
111416,0
111417,1
111418,1
111419,0
111420,1
111421,0
111422,1
111423,1
111424,0
111425,1
111426,1
111427,1
111428,1
111429,1
111430,1
111431,1
111432,0
111433,0
111434,0
111435,0
111436,1
111437,1
111438,0
111439,1
111440,1
111441,1
111442,1
111443,1
111444,1
111445,1
111446,1
111447,0
111448,0
111449,1
111450,1
111451,0
111452,1
111453,1
111454,1
111455,1
111456,1
111457,0
111458,1
111459,0
111460,1
111461,0
111462,0
111463,0
111464,1
111465,1
111466,0
111467,1
111468,0
111469,0
111470,0
111471,0
111472,1
111473,1
111474,1
111475,1
111476,1
111477,0
111478,0
111479,0
111480,1
111481,1
111482,0
111483,1
111484,0
111485,0
111486,0
111487,1
111488,1
111489,1
111490,0
111491,1
111492,0
111493,0
111494,1
111495,1
111496,1
111497,1
111498,1
111499,1
111500,1
111501,1
111502,0
111503,1
111504,1
111505,1
111506,0
111507,1
111508,1
111509,0
111510,1
111511,1
111512,0
111513,1
111514,0
111515,0
111516,1
111517,1
111518,0
111519,0
111520,0
111521,1
111522,1
111523,1
111524,1
111525,0
111526,1
111527,0
111528,1
111529,1
111530,0
111531,1
111532,1
111533,1
111534,1
111535,0
111536,0
111537,1
111538,0
111539,0
111540,1
111541,1
111542,0
111543,1
111544,1
111545,1
111546,1
111547,1
111548,1
111549,0
111550,1
111551,1
111552,0
111553,1
111554,1
111555,0
111556,0
111557,1
111558,1
111559,0
111560,1
111561,0
111562,1
111563,1
111564,0
111565,1
111566,1
111567,0
111568,0
111569,1
111570,1
111571,0
111572,0
111573,1
111574,0
111575,1
111576,1
111577,0
111578,1
111579,0
111580,1
111581,0
111582,0
111583,1
111584,1
111585,1
111586,0
111587,0
111588,1
111589,0
111590,1
111591,0
111592,1
111593,1
111594,0
111595,0
111596,0
111597,1
111598,0
111599,1
111600,0
111601,0
111602,0
111603,0
111604,1
111605,0
111606,1
111607,1
111608,1
111609,1
111610,0
111611,1
111612,1
111613,1
111614,1
111615,0
111616,1
111617,1
111618,0
111619,1
111620,1
111621,1
111622,1
111623,0
111624,0
111625,1
111626,1
111627,1
111628,1
111629,1
111630,1
111631,1
111632,0
111633,0
111634,1
111635,1
111636,0
111637,1
111638,1
111639,1
111640,1
111641,0
111642,1
111643,0
111644,0
111645,0
111646,1
111647,1
111648,1
111649,1
111650,0
111651,0
111652,1
111653,1
111654,1
111655,1
111656,1
111657,0
111658,1
111659,0
111660,1
111661,0
111662,1
111663,0
111664,1
111665,0
111666,0
111667,1
111668,1
111669,1
111670,1
111671,0
111672,0
111673,1
111674,0
111675,1
111676,1
111677,1
111678,1
111679,1
111680,0
111681,0
111682,0
111683,0
111684,1
111685,1
111686,1
111687,1
111688,1
111689,0
111690,1
111691,0
111692,1
111693,1
111694,0
111695,1
111696,1
111697,1
111698,1
111699,0
111700,0
111701,1
111702,0
111703,1
111704,0
111705,1
111706,0
111707,1
111708,1
111709,0
111710,0
111711,0
111712,0
111713,1
111714,0
111715,1
111716,0
111717,0
111718,0
111719,0
111720,0
111721,1
111722,0
111723,0
111724,1
111725,0
111726,1
111727,1
111728,0
111729,1
111730,1
111731,0
111732,1
111733,1
111734,1
111735,1
111736,0
111737,1
111738,0
111739,1
111740,0
111741,1
111742,0
111743,1
111744,1
111745,1
111746,1
111747,1
111748,0
111749,1
111750,1
111751,1
111752,1
111753,0
111754,0
111755,0
111756,0
111757,0
111758,1
111759,0
111760,1
111761,1
111762,0
111763,0
111764,1
111765,0
111766,0
111767,1
111768,1
111769,1
111770,0
111771,1
111772,0
111773,0
111774,0
111775,1
111776,1
111777,1
111778,1
111779,1
111780,0
111781,0
111782,0
111783,1
111784,0
111785,0
111786,1
111787,0
111788,1
111789,0
111790,0
111791,1
111792,1
111793,1
111794,1
111795,0
111796,0
111797,0
111798,1
111799,1
111800,1
111801,1
111802,0
111803,1
111804,1
111805,1
111806,0
111807,0
111808,1
111809,0
111810,1
111811,1
111812,0
111813,0
111814,1
111815,0
111816,1
111817,1
111818,0
111819,0
111820,0
111821,1
111822,0
111823,0
111824,0
111825,0
111826,1
111827,0
111828,1
111829,1
111830,1
111831,1
111832,1
111833,1
111834,1
111835,1
111836,0
111837,0
111838,0
111839,1
111840,1
111841,1
111842,1
111843,1
111844,1
111845,0
111846,1
111847,1
111848,0
111849,1
111850,1
111851,1
111852,1
111853,1
111854,1
111855,1
111856,1
111857,0
111858,1
111859,0
111860,1
111861,1
111862,1
111863,0
111864,1
111865,1
111866,1
111867,0
111868,1
111869,1
111870,0
111871,1
111872,0
111873,1
111874,0
111875,0
111876,1
111877,1
111878,1
111879,1
111880,1
111881,1
111882,1
111883,0
111884,1
111885,0
111886,0
111887,1
111888,0
111889,0
111890,0
111891,1
111892,1
111893,1
111894,1
111895,0
111896,1
111897,1
111898,0
111899,0
111900,1
111901,1
111902,0
111903,0
111904,1
111905,1
111906,1
111907,0
111908,0
111909,1
111910,1
111911,1
111912,1
111913,1
111914,1
111915,1
111916,1
111917,1
111918,0
111919,1
111920,1
111921,1
111922,1
111923,1
111924,1
111925,1
111926,0
111927,1
111928,0
111929,1
111930,0
111931,1
111932,1
111933,1
111934,0
111935,1
111936,0
111937,1
111938,0
111939,0
111940,1
111941,0
111942,1
111943,0
111944,1
111945,0
111946,1
111947,0
111948,1
111949,0
111950,1
111951,1
111952,1
111953,1
111954,1
111955,0
111956,0
111957,1
111958,0
111959,1
111960,1
111961,1
111962,1
111963,1
111964,0
111965,1
111966,1
111967,0
111968,1
111969,0
111970,0
111971,1
111972,1
111973,1
111974,0
111975,1
111976,1
111977,1
111978,1
111979,1
111980,1
111981,0
111982,1
111983,1
111984,0
111985,1
111986,0
111987,1
111988,0
111989,0
111990,1
111991,1
111992,0
111993,1
111994,1
111995,1
111996,0
111997,0
111998,1
111999,1
112000,1
112001,0
112002,0
112003,1
112004,1
112005,0
112006,0
112007,0
112008,1
112009,0
112010,1
112011,0
112012,1
112013,1
112014,1
112015,1
112016,1
112017,1
112018,0
112019,0
112020,1
112021,0
112022,1
112023,0
112024,1
112025,1
112026,0
112027,1
112028,1
112029,1
112030,1
112031,0
112032,0
112033,0
112034,1
112035,1
112036,1
112037,1
112038,1
112039,0
112040,0
112041,1
112042,1
112043,0
112044,1
112045,0
112046,0
112047,1
112048,1
112049,1
112050,0
112051,1
112052,0
112053,1
112054,1
112055,1
112056,1
112057,0
112058,1
112059,0
112060,1
112061,1
112062,0
112063,0
112064,1
112065,0
112066,1
112067,1
112068,1
112069,1
112070,0
112071,1
112072,1
112073,1
112074,1
112075,1
112076,0
112077,1
112078,1
112079,0
112080,1
112081,1
112082,1
112083,1
112084,0
112085,0
112086,1
112087,0
112088,0
112089,1
112090,0
112091,0
112092,1
112093,0
112094,1
112095,1
112096,0
112097,1
112098,0
112099,1
112100,1
112101,0
112102,1
112103,0
112104,1
112105,0
112106,1
112107,1
112108,1
112109,1
112110,1
112111,1
112112,1
112113,1
112114,1
112115,1
112116,0
112117,0
112118,0
112119,1
112120,1
112121,0
112122,0
112123,0
112124,1
112125,1
112126,0
112127,1
112128,0
112129,1
112130,0
112131,1
112132,1
112133,1
112134,0
112135,1
112136,0
112137,0
112138,0
112139,1
112140,1
112141,1
112142,0
112143,0
112144,0
112145,0
112146,1
112147,0
112148,1
112149,1
112150,0
112151,1
112152,0
112153,0
112154,0
112155,1
112156,1
112157,1
112158,0
112159,1
112160,1
112161,1
112162,0
112163,0
112164,0
112165,0
112166,1
112167,1
112168,1
112169,1
112170,0
112171,0
112172,1
112173,0
112174,1
112175,0
112176,1
112177,1
112178,0
112179,0
112180,1
112181,0
112182,0
112183,0
112184,1
112185,1
112186,1
112187,0
112188,1
112189,0
112190,1
112191,1
112192,1
112193,1
112194,0
112195,1
112196,0
112197,0
112198,0
112199,0
112200,0
112201,0
112202,1
112203,0
112204,1
112205,0
112206,1
112207,0
112208,1
112209,1
112210,1
112211,0
112212,0
112213,0
112214,0
112215,0
112216,1
112217,0
112218,1
112219,0
112220,1
112221,1
112222,1
112223,1
112224,1
112225,0
112226,0
112227,1
112228,1
112229,1
112230,1
112231,0
112232,1
112233,1
112234,1
112235,0
112236,0
112237,1
112238,0
112239,0
112240,0
112241,0
112242,1
112243,1
112244,0
112245,1
112246,0
112247,0
112248,1
112249,1
112250,1
112251,0
112252,0
112253,0
112254,1
112255,0
112256,0
112257,1
112258,0
112259,1
112260,1
112261,1
112262,0
112263,1
112264,1
112265,1
112266,1
112267,0
112268,1
112269,0
112270,1
112271,1
112272,1
112273,1
112274,1
112275,1
112276,0
112277,0
112278,0
112279,0
112280,0
112281,0
112282,0
112283,0
112284,1
112285,1
112286,0
112287,1
112288,1
112289,0
112290,0
112291,1
112292,0
112293,1
112294,0
112295,0
112296,1
112297,1
112298,1
112299,0
112300,0
112301,1
112302,0
112303,1
112304,0
112305,1
112306,1
112307,0
112308,1
112309,1
112310,1
112311,0
112312,0
112313,0
112314,0
112315,1
112316,1
112317,0
112318,1
112319,0
112320,1
112321,0
112322,0
112323,1
112324,0
112325,0
112326,1
112327,1
112328,1
112329,1
112330,1
112331,1
112332,1
112333,1
112334,1
112335,1
112336,1
112337,1
112338,1
112339,1
112340,1
112341,1
112342,1
112343,0
112344,1
112345,1
112346,1
112347,1
112348,1
112349,1
112350,1
112351,0
112352,1
112353,1
112354,1
112355,1
112356,0
112357,0
112358,0
112359,1
112360,0
112361,1
112362,0
112363,1
112364,0
112365,1
112366,0
112367,0
112368,1
112369,1
112370,1
112371,0
112372,1
112373,0
112374,1
112375,1
112376,0
112377,1
112378,1
112379,0
112380,1
112381,1
112382,1
112383,0
112384,0
112385,1
112386,1
112387,0
112388,1
112389,0
112390,1
112391,0
112392,1
112393,0
112394,0
112395,0
112396,1
112397,0
112398,1
112399,0
112400,1
112401,0
112402,0
112403,0
112404,1
112405,0
112406,1
112407,0
112408,1
112409,0
112410,0
112411,1
112412,1
112413,1
112414,0
112415,1
112416,1
112417,1
112418,1
112419,0
112420,1
112421,1
112422,0
112423,1
112424,0
112425,0
112426,0
112427,0
112428,1
112429,0
112430,1
112431,0
112432,0
112433,0
112434,1
112435,1
112436,0
112437,0
112438,1
112439,1
112440,1
112441,1
112442,0
112443,0
112444,0
112445,1
112446,0
112447,1
112448,1
112449,1
112450,1
112451,0
112452,1
112453,1
112454,0
112455,1
112456,0
112457,0
112458,0
112459,1
112460,1
112461,0
112462,1
112463,0
112464,1
112465,1
112466,1
112467,1
112468,1
112469,0
112470,0
112471,1
112472,1
112473,1
112474,1
112475,0
112476,1
112477,1
112478,0
112479,0
112480,1
112481,0
112482,1
112483,1
112484,0
112485,1
112486,0
112487,0
112488,0
112489,0
112490,1
112491,0
112492,1
112493,0
112494,1
112495,1
112496,1
112497,1
112498,1
112499,1
112500,1
112501,0
112502,1
112503,1
112504,1
112505,1
112506,1
112507,1
112508,1
112509,1
112510,1
112511,0
112512,1
112513,1
112514,0
112515,0
112516,1
112517,1
112518,1
112519,1
112520,1
112521,1
112522,1
112523,0
112524,1
112525,1
112526,0
112527,0
112528,1
112529,1
112530,1
112531,0
112532,1
112533,1
112534,1
112535,0
112536,0
112537,1
112538,1
112539,0
112540,1
112541,1
112542,0
112543,0
112544,1
112545,1
112546,1
112547,0
112548,1
112549,0
112550,1
112551,1
112552,0
112553,1
112554,0
112555,1
112556,1
112557,0
112558,1
112559,0
112560,1
112561,0
112562,0
112563,0
112564,0
112565,1
112566,1
112567,0
112568,1
112569,0
112570,0
112571,0
112572,1
112573,1
112574,1
112575,1
112576,1
112577,1
112578,0
112579,0
112580,0
112581,1
112582,0
112583,1
112584,0
112585,0
112586,0
112587,1
112588,1
112589,0
112590,0
112591,1
112592,1
112593,0
112594,0
112595,0
112596,1
112597,1
112598,0
112599,1
112600,1
112601,1
112602,1
112603,0
112604,1
112605,1
112606,1
112607,0
112608,0
112609,1
112610,0
112611,1
112612,1
112613,0
112614,1
112615,1
112616,0
112617,0
112618,1
112619,1
112620,0
112621,1
112622,1
112623,1
112624,0
112625,1
112626,0
112627,1
112628,0
112629,0
112630,1
112631,1
112632,1
112633,0
112634,0
112635,1
112636,1
112637,1
112638,1
112639,1
112640,1
112641,1
112642,0
112643,1
112644,0
112645,1
112646,0
112647,1
112648,1
112649,0
112650,0
112651,1
112652,1
112653,1
112654,0
112655,1
112656,1
112657,1
112658,1
112659,1
112660,0
112661,0
112662,1
112663,1
112664,1
112665,1
112666,1
112667,1
112668,0
112669,1
112670,1
112671,1
112672,1
112673,0
112674,1
112675,1
112676,0
112677,0
112678,0
112679,1
112680,1
112681,1
112682,0
112683,0
112684,0
112685,1
112686,0
112687,0
112688,0
112689,1
112690,1
112691,1
112692,0
112693,0
112694,1
112695,1
112696,1
112697,1
112698,1
112699,0
112700,0
112701,1
112702,0
112703,1
112704,1
112705,0
112706,0
112707,0
112708,0
112709,0
112710,0
112711,1
112712,1
112713,1
112714,1
112715,1
112716,0
112717,0
112718,0
112719,1
112720,0
112721,0
112722,1
112723,0
112724,1
112725,1
112726,0
112727,1
112728,1
112729,1
112730,0
112731,0
112732,0
112733,1
112734,0
112735,0
112736,1
112737,0
112738,1
112739,0
112740,0
112741,1
112742,1
112743,1
112744,1
112745,0
112746,1
112747,0
112748,1
112749,1
112750,1
112751,1
112752,1
112753,1
112754,0
112755,0
112756,0
112757,0
112758,1
112759,1
112760,1
112761,1
112762,1
112763,1
112764,1
112765,0
112766,0
112767,1
112768,0
112769,1
112770,1
112771,0
112772,1
112773,0
112774,1
112775,1
112776,1
112777,1
112778,1
112779,1
112780,0
112781,1
112782,1
112783,1
112784,1
112785,0
112786,1
112787,1
112788,1
112789,1
112790,0
112791,0
112792,1
112793,0
112794,1
112795,0
112796,1
112797,1
112798,0
112799,1
112800,0
112801,0
112802,1
112803,1
112804,1
112805,1
112806,1
112807,1
112808,0
112809,1
112810,1
112811,1
112812,0
112813,0
112814,1
112815,1
112816,1
112817,0
112818,1
112819,1
112820,1
112821,1
112822,1
112823,1
112824,1
112825,1
112826,1
112827,1
112828,1
112829,0
112830,1
112831,1
112832,1
112833,1
112834,1
112835,0
112836,0
112837,0
112838,0
112839,1
112840,1
112841,1
112842,1
112843,1
112844,0
112845,1
112846,0
112847,0
112848,1
112849,1
112850,1
112851,1
112852,1
112853,1
112854,0
112855,1
112856,0
112857,0
112858,1
112859,0
112860,1
112861,1
112862,0
112863,1
112864,0
112865,1
112866,0
112867,1
112868,1
112869,0
112870,0
112871,1
112872,1
112873,1
112874,0
112875,1
112876,1
112877,0
112878,1
112879,1
112880,0
112881,0
112882,1
112883,0
112884,1
112885,0
112886,1
112887,1
112888,1
112889,0
112890,0
112891,1
112892,1
112893,0
112894,1
112895,1
112896,1
112897,0
112898,0
112899,1
112900,1
112901,1
112902,0
112903,1
112904,0
112905,1
112906,1
112907,1
112908,0
112909,1
112910,0
112911,1
112912,1
112913,0
112914,0
112915,1
112916,1
112917,1
112918,1
112919,1
112920,1
112921,1
112922,0
112923,1
112924,1
112925,0
112926,1
112927,1
112928,0
112929,0
112930,1
112931,1
112932,1
112933,0
112934,0
112935,0
112936,1
112937,1
112938,1
112939,0
112940,1
112941,1
112942,0
112943,1
112944,1
112945,1
112946,0
112947,0
112948,0
112949,1
112950,0
112951,1
112952,1
112953,1
112954,0
112955,1
112956,0
112957,1
112958,0
112959,0
112960,1
112961,1
112962,0
112963,0
112964,1
112965,1
112966,0
112967,1
112968,1
112969,1
112970,0
112971,1
112972,1
112973,0
112974,0
112975,0
112976,1
112977,1
112978,1
112979,1
112980,0
112981,1
112982,0
112983,1
112984,0
112985,1
112986,1
112987,1
112988,0
112989,0
112990,0
112991,0
112992,1
112993,1
112994,1
112995,1
112996,1
112997,1
112998,1
112999,1
113000,1
113001,0
113002,0
113003,0
113004,1
113005,0
113006,1
113007,0
113008,1
113009,1
113010,0
113011,0
113012,0
113013,1
113014,0
113015,1
113016,0
113017,0
113018,0
113019,0
113020,1
113021,0
113022,1
113023,1
113024,1
113025,1
113026,1
113027,1
113028,1
113029,1
113030,1
113031,0
113032,1
113033,1
113034,1
113035,0
113036,1
113037,1
113038,1
113039,0
113040,0
113041,0
113042,1
113043,0
113044,0
113045,0
113046,1
113047,1
113048,0
113049,0
113050,1
113051,0
113052,0
113053,1
113054,1
113055,1
113056,0
113057,0
113058,0
113059,1
113060,0
113061,1
113062,1
113063,1
113064,1
113065,1
113066,0
113067,1
113068,0
113069,1
113070,1
113071,1
113072,1
113073,0
113074,0
113075,0
113076,1
113077,1
113078,1
113079,1
113080,0
113081,1
113082,0
113083,1
113084,0
113085,1
113086,1
113087,0
113088,1
113089,1
113090,0
113091,1
113092,0
113093,0
113094,0
113095,1
113096,1
113097,1
113098,0
113099,0
113100,0
113101,1
113102,1
113103,0
113104,1
113105,1
113106,1
113107,1
113108,0
113109,1
113110,1
113111,1
113112,1
113113,0
113114,1
113115,1
113116,0
113117,1
113118,1
113119,1
113120,0
113121,0
113122,1
113123,0
113124,1
113125,1
113126,1
113127,1
113128,1
113129,1
113130,1
113131,1
113132,0
113133,0
113134,1
113135,1
113136,1
113137,1
113138,0
113139,0
113140,0
113141,1
113142,1
113143,1
113144,0
113145,0
113146,0
113147,0
113148,1
113149,1
113150,1
113151,0
113152,1
113153,1
113154,0
113155,0
113156,1
113157,0
113158,0
113159,1
113160,0
113161,0
113162,1
113163,0
113164,1
113165,0
113166,1
113167,0
113168,0
113169,1
113170,1
113171,0
113172,0
113173,1
113174,1
113175,0
113176,1
113177,0
113178,0
113179,1
113180,0
113181,0
113182,1
113183,1
113184,1
113185,0
113186,1
113187,1
113188,1
113189,1
113190,1
113191,1
113192,1
113193,0
113194,1
113195,1
113196,0
113197,1
113198,0
113199,0
113200,1
113201,0
113202,1
113203,0
113204,1
113205,0
113206,1
113207,1
113208,1
113209,0
113210,0
113211,0
113212,1
113213,0
113214,1
113215,1
113216,1
113217,1
113218,0
113219,0
113220,0
113221,1
113222,0
113223,1
113224,1
113225,0
113226,1
113227,0
113228,0
113229,0
113230,1
113231,1
113232,0
113233,1
113234,1
113235,1
113236,1
113237,1
113238,1
113239,1
113240,1
113241,1
113242,0
113243,0
113244,0
113245,0
113246,1
113247,1
113248,0
113249,1
113250,1
113251,1
113252,1
113253,1
113254,1
113255,0
113256,1
113257,1
113258,1
113259,0
113260,0
113261,1
113262,0
113263,1
113264,0
113265,1
113266,1
113267,0
113268,1
113269,1
113270,1
113271,1
113272,1
113273,1
113274,1
113275,1
113276,1
113277,1
113278,0
113279,1
113280,0
113281,1
113282,0
113283,0
113284,0
113285,1
113286,1
113287,0
113288,1
113289,0
113290,0
113291,1
113292,1
113293,1
113294,1
113295,0
113296,0
113297,1
113298,1
113299,0
113300,0
113301,0
113302,1
113303,1
113304,1
113305,1
113306,1
113307,1
113308,1
113309,1
113310,0
113311,0
113312,0
113313,0
113314,0
113315,1
113316,1
113317,1
113318,0
113319,0
113320,1
113321,0
113322,1
113323,1
113324,1
113325,1
113326,1
113327,1
113328,1
113329,1
113330,1
113331,1
113332,1
113333,1
113334,1
113335,1
113336,0
113337,1
113338,0
113339,0
113340,1
113341,1
113342,1
113343,1
113344,1
113345,0
113346,1
113347,1
113348,0
113349,1
113350,1
113351,1
113352,1
113353,1
113354,0
113355,0
113356,1
113357,1
113358,1
113359,1
113360,0
113361,0
113362,1
113363,1
113364,1
113365,1
113366,1
113367,1
113368,1
113369,1
113370,0
113371,0
113372,0
113373,1
113374,1
113375,1
113376,1
113377,0
113378,1
113379,1
113380,0
113381,0
113382,1
113383,1
113384,1
113385,1
113386,1
113387,1
113388,1
113389,1
113390,0
113391,1
113392,1
113393,0
113394,0
113395,0
113396,1
113397,0
113398,0
113399,0
113400,0
113401,0
113402,1
113403,1
113404,1
113405,1
113406,1
113407,1
113408,0
113409,0
113410,0
113411,1
113412,0
113413,1
113414,0
113415,1
113416,0
113417,1
113418,1
113419,1
113420,1
113421,1
113422,0
113423,1
113424,0
113425,1
113426,0
113427,0
113428,0
113429,1
113430,0
113431,0
113432,1
113433,0
113434,1
113435,1
113436,1
113437,1
113438,1
113439,0
113440,0
113441,1
113442,1
113443,1
113444,1
113445,1
113446,1
113447,1
113448,0
113449,1
113450,0
113451,1
113452,0
113453,1
113454,1
113455,1
113456,1
113457,1
113458,1
113459,1
113460,0
113461,0
113462,0
113463,1
113464,0
113465,1
113466,0
113467,0
113468,0
113469,1
113470,1
113471,0
113472,1
113473,1
113474,1
113475,0
113476,0
113477,0
113478,0
113479,1
113480,1
113481,0
113482,0
113483,1
113484,1
113485,1
113486,1
113487,1
113488,0
113489,1
113490,1
113491,1
113492,0
113493,1
113494,0
113495,0
113496,1
113497,1
113498,0
113499,1
113500,0
113501,1
113502,1
113503,1
113504,0
113505,1
113506,1
113507,0
113508,1
113509,1
113510,0
113511,1
113512,1
113513,1
113514,1
113515,1
113516,1
113517,0
113518,0
113519,1
113520,1
113521,1
113522,1
113523,1
113524,0
113525,0
113526,1
113527,1
113528,1
113529,1
113530,0
113531,1
113532,0
113533,0
113534,1
113535,1
113536,1
113537,1
113538,1
113539,1
113540,0
113541,0
113542,1
113543,1
113544,1
113545,1
113546,1
113547,1
113548,1
113549,0
113550,1
113551,1
113552,0
113553,0
113554,0
113555,1
113556,0
113557,1
113558,1
113559,1
113560,0
113561,1
113562,1
113563,0
113564,1
113565,0
113566,1
113567,1
113568,1
113569,1
113570,1
113571,1
113572,0
113573,1
113574,1
113575,0
113576,1
113577,0
113578,1
113579,0
113580,1
113581,1
113582,1
113583,0
113584,1
113585,1
113586,1
113587,1
113588,0
113589,0
113590,1
113591,0
113592,1
113593,1
113594,0
113595,1
113596,1
113597,1
113598,1
113599,0
113600,1
113601,1
113602,1
113603,0
113604,0
113605,0
113606,0
113607,0
113608,1
113609,1
113610,1
113611,1
113612,1
113613,1
113614,1
113615,0
113616,1
113617,0
113618,0
113619,0
113620,0
113621,1
113622,1
113623,0
113624,1
113625,1
113626,1
113627,0
113628,1
113629,0
113630,0
113631,1
113632,0
113633,1
113634,1
113635,0
113636,1
113637,1
113638,1
113639,1
113640,1
113641,1
113642,0
113643,1
113644,0
113645,1
113646,1
113647,1
113648,0
113649,1
113650,1
113651,1
113652,1
113653,0
113654,1
113655,1
113656,1
113657,0
113658,1
113659,1
113660,1
113661,0
113662,1
113663,1
113664,1
113665,1
113666,0
113667,1
113668,1
113669,1
113670,0
113671,1
113672,1
113673,0
113674,1
113675,0
113676,0
113677,1
113678,0
113679,1
113680,1
113681,0
113682,0
113683,1
113684,1
113685,1
113686,1
113687,0
113688,0
113689,1
113690,1
113691,0
113692,0
113693,0
113694,0
113695,0
113696,1
113697,0
113698,1
113699,0
113700,1
113701,0
113702,1
113703,1
113704,1
113705,0
113706,1
113707,1
113708,0
113709,1
113710,1
113711,1
113712,1
113713,1
113714,1
113715,1
113716,1
113717,0
113718,0
113719,1
113720,1
113721,0
113722,1
113723,1
113724,1
113725,1
113726,1
113727,0
113728,1
113729,1
113730,0
113731,1
113732,1
113733,1
113734,1
113735,1
113736,1
113737,1
113738,1
113739,1
113740,1
113741,1
113742,1
113743,1
113744,1
113745,1
113746,1
113747,0
113748,1
113749,1
113750,1
113751,1
113752,1
113753,1
113754,0
113755,1
113756,1
113757,1
113758,1
113759,0
113760,0
113761,1
113762,0
113763,0
113764,1
113765,1
113766,0
113767,0
113768,1
113769,1
113770,1
113771,0
113772,0
113773,0
113774,0
113775,0
113776,0
113777,1
113778,1
113779,0
113780,1
113781,0
113782,0
113783,1
113784,0
113785,0
113786,0
113787,1
113788,1
113789,1
113790,1
113791,1
113792,1
113793,1
113794,1
113795,1
113796,1
113797,1
113798,0
113799,0
113800,1
113801,1
113802,1
113803,0
113804,0
113805,0
113806,1
113807,0
113808,1
113809,0
113810,0
113811,1
113812,1
113813,0
113814,1
113815,1
113816,1
113817,1
113818,1
113819,0
113820,1
113821,1
113822,0
113823,0
113824,1
113825,0
113826,1
113827,1
113828,0
113829,0
113830,1
113831,0
113832,1
113833,0
113834,1
113835,0
113836,1
113837,0
113838,1
113839,1
113840,1
113841,0
113842,1
113843,1
113844,0
113845,0
113846,0
113847,0
113848,1
113849,0
113850,1
113851,1
113852,0
113853,0
113854,1
113855,1
113856,0
113857,1
113858,0
113859,1
113860,0
113861,0
113862,0
113863,1
113864,1
113865,0
113866,0
113867,0
113868,1
113869,0
113870,0
113871,1
113872,1
113873,1
113874,0
113875,0
113876,1
113877,0
113878,0
113879,1
113880,1
113881,1
113882,1
113883,0
113884,0
113885,1
113886,0
113887,1
113888,1
113889,1
113890,1
113891,0
113892,1
113893,0
113894,1
113895,0
113896,0
113897,1
113898,1
113899,1
113900,1
113901,1
113902,1
113903,1
113904,1
113905,1
113906,1
113907,0
113908,1
113909,0
113910,1
113911,0
113912,0
113913,1
113914,1
113915,1
113916,0
113917,1
113918,1
113919,0
113920,1
113921,1
113922,1
113923,1
113924,1
113925,1
113926,0
113927,1
113928,1
113929,0
113930,1
113931,1
113932,1
113933,1
113934,1
113935,1
113936,1
113937,1
113938,1
113939,0
113940,0
113941,1
113942,0
113943,0
113944,0
113945,0
113946,1
113947,0
113948,0
113949,1
113950,0
113951,1
113952,1
113953,0
113954,1
113955,0
113956,1
113957,1
113958,0
113959,1
113960,0
113961,1
113962,1
113963,1
113964,1
113965,1
113966,1
113967,0
113968,1
113969,1
113970,1
113971,0
113972,1
113973,1
113974,1
113975,1
113976,0
113977,0
113978,1
113979,0
113980,1
113981,1
113982,0
113983,1
113984,1
113985,1
113986,0
113987,0
113988,1
113989,1
113990,1
113991,0
113992,0
113993,1
113994,0
113995,0
113996,1
113997,1
113998,1
113999,1
114000,0
114001,1
114002,0
114003,0
114004,1
114005,0
114006,1
114007,1
114008,0
114009,0
114010,1
114011,1
114012,0
114013,1
114014,1
114015,1
114016,1
114017,1
114018,0
114019,1
114020,1
114021,0
114022,0
114023,1
114024,1
114025,0
114026,1
114027,1
114028,1
114029,1
114030,1
114031,1
114032,1
114033,0
114034,0
114035,0
114036,0
114037,1
114038,1
114039,0
114040,1
114041,1
114042,1
114043,1
114044,1
114045,1
114046,0
114047,0
114048,1
114049,1
114050,0
114051,1
114052,1
114053,1
114054,1
114055,1
114056,1
114057,1
114058,1
114059,1
114060,1
114061,0
114062,0
114063,1
114064,1
114065,0
114066,0
114067,0
114068,0
114069,0
114070,0
114071,1
114072,1
114073,1
114074,1
114075,1
114076,1
114077,0
114078,0
114079,0
114080,1
114081,0
114082,1
114083,1
114084,0
114085,1
114086,1
114087,1
114088,1
114089,1
114090,1
114091,1
114092,0
114093,0
114094,0
114095,0
114096,1
114097,1
114098,1
114099,0
114100,0
114101,0
114102,1
114103,0
114104,1
114105,0
114106,1
114107,1
114108,1
114109,1
114110,0
114111,1
114112,1
114113,0
114114,1
114115,1
114116,1
114117,0
114118,1
114119,1
114120,1
114121,0
114122,0
114123,1
114124,0
114125,1
114126,0
114127,1
114128,1
114129,0
114130,0
114131,1
114132,0
114133,1
114134,1
114135,1
114136,0
114137,1
114138,1
114139,0
114140,1
114141,0
114142,1
114143,1
114144,0
114145,1
114146,0
114147,1
114148,0
114149,1
114150,0
114151,1
114152,1
114153,1
114154,1
114155,1
114156,1
114157,1
114158,1
114159,1
114160,1
114161,1
114162,1
114163,1
114164,1
114165,1
114166,1
114167,1
114168,1
114169,1
114170,1
114171,1
114172,0
114173,1
114174,1
114175,1
114176,1
114177,0
114178,1
114179,0
114180,0
114181,0
114182,0
114183,1
114184,1
114185,0
114186,0
114187,0
114188,0
114189,1
114190,1
114191,1
114192,1
114193,1
114194,1
114195,1
114196,0
114197,1
114198,0
114199,0
114200,0
114201,1
114202,1
114203,1
114204,1
114205,0
114206,1
114207,1
114208,1
114209,0
114210,1
114211,1
114212,1
114213,1
114214,1
114215,1
114216,0
114217,0
114218,1
114219,1
114220,1
114221,1
114222,0
114223,1
114224,1
114225,1
114226,0
114227,1
114228,0
114229,1
114230,0
114231,0
114232,1
114233,0
114234,1
114235,1
114236,0
114237,0
114238,1
114239,1
114240,1
114241,0
114242,1
114243,0
114244,1
114245,1
114246,1
114247,0
114248,0
114249,0
114250,0
114251,0
114252,0
114253,0
114254,0
114255,1
114256,1
114257,1
114258,1
114259,1
114260,0
114261,1
114262,0
114263,1
114264,0
114265,1
114266,1
114267,1
114268,1
114269,0
114270,1
114271,1
114272,0
114273,1
114274,1
114275,1
114276,0
114277,1
114278,0
114279,1
114280,1
114281,1
114282,0
114283,1
114284,1
114285,1
114286,1
114287,0
114288,1
114289,1
114290,0
114291,1
114292,0
114293,1
114294,1
114295,0
114296,0
114297,0
114298,0
114299,1
114300,0
114301,1
114302,1
114303,1
114304,0
114305,1
114306,1
114307,0
114308,1
114309,0
114310,1
114311,0
114312,0
114313,1
114314,0
114315,0
114316,1
114317,1
114318,1
114319,1
114320,1
114321,0
114322,1
114323,0
114324,1
114325,0
114326,1
114327,0
114328,1
114329,1
114330,1
114331,1
114332,0
114333,1
114334,1
114335,1
114336,0
114337,1
114338,0
114339,0
114340,0
114341,1
114342,1
114343,1
114344,1
114345,1
114346,1
114347,0
114348,1
114349,1
114350,1
114351,1
114352,1
114353,1
114354,1
114355,1
114356,0
114357,1
114358,1
114359,0
114360,0
114361,0
114362,1
114363,1
114364,1
114365,0
114366,1
114367,1
114368,1
114369,1
114370,0
114371,0
114372,1
114373,1
114374,1
114375,1
114376,1
114377,1
114378,1
114379,1
114380,1
114381,1
114382,1
114383,1
114384,0
114385,1
114386,0
114387,0
114388,0
114389,1
114390,0
114391,0
114392,0
114393,1
114394,1
114395,1
114396,0
114397,1
114398,1
114399,1
114400,1
114401,1
114402,1
114403,0
114404,0
114405,0
114406,0
114407,0
114408,1
114409,1
114410,0
114411,0
114412,1
114413,0
114414,1
114415,1
114416,1
114417,1
114418,1
114419,1
114420,1
114421,1
114422,1
114423,1
114424,0
114425,0
114426,1
114427,1
114428,0
114429,1
114430,1
114431,0
114432,1
114433,0
114434,0
114435,1
114436,0
114437,0
114438,1
114439,1
114440,1
114441,1
114442,1
114443,1
114444,1
114445,0
114446,1
114447,1
114448,0
114449,1
114450,0
114451,1
114452,0
114453,1
114454,0
114455,0
114456,1
114457,1
114458,1
114459,1
114460,0
114461,0
114462,1
114463,1
114464,0
114465,1
114466,1
114467,1
114468,0
114469,1
114470,1
114471,0
114472,0
114473,1
114474,1
114475,1
114476,1
114477,0
114478,0
114479,0
114480,1
114481,1
114482,0
114483,1
114484,0
114485,1
114486,1
114487,1
114488,0
114489,0
114490,1
114491,1
114492,1
114493,0
114494,1
114495,1
114496,1
114497,0
114498,1
114499,1
114500,1
114501,1
114502,0
114503,1
114504,0
114505,0
114506,0
114507,1
114508,1
114509,1
114510,1
114511,1
114512,1
114513,1
114514,0
114515,0
114516,1
114517,1
114518,0
114519,1
114520,1
114521,1
114522,0
114523,1
114524,0
114525,1
114526,1
114527,1
114528,1
114529,1
114530,0
114531,1
114532,1
114533,1
114534,1
114535,1
114536,1
114537,0
114538,0
114539,1
114540,1
114541,0
114542,1
114543,1
114544,0
114545,0
114546,0
114547,1
114548,0
114549,0
114550,1
114551,1
114552,0
114553,1
114554,1
114555,0
114556,0
114557,1
114558,1
114559,1
114560,0
114561,1
114562,0
114563,1
114564,1
114565,0
114566,0
114567,1
114568,0
114569,0
114570,1
114571,1
114572,1
114573,0
114574,1
114575,0
114576,1
114577,0
114578,1
114579,0
114580,1
114581,1
114582,1
114583,1
114584,1
114585,1
114586,0
114587,0
114588,1
114589,1
114590,0
114591,1
114592,0
114593,0
114594,1
114595,0
114596,1
114597,0
114598,1
114599,1
114600,1
114601,1
114602,1
114603,1
114604,1
114605,0
114606,1
114607,1
114608,1
114609,1
114610,1
114611,1
114612,1
114613,1
114614,0
114615,1
114616,1
114617,1
114618,0
114619,0
114620,1
114621,0
114622,1
114623,1
114624,1
114625,1
114626,1
114627,0
114628,1
114629,1
114630,1
114631,0
114632,1
114633,1
114634,0
114635,0
114636,1
114637,1
114638,1
114639,1
114640,1
114641,1
114642,0
114643,0
114644,1
114645,1
114646,1
114647,1
114648,1
114649,1
114650,0
114651,0
114652,1
114653,1
114654,0
114655,0
114656,1
114657,1
114658,1
114659,0
114660,0
114661,1
114662,1
114663,1
114664,1
114665,1
114666,1
114667,1
114668,0
114669,1
114670,1
114671,1
114672,0
114673,0
114674,1
114675,0
114676,1
114677,1
114678,0
114679,1
114680,0
114681,1
114682,1
114683,1
114684,1
114685,0
114686,1
114687,1
114688,1
114689,1
114690,1
114691,1
114692,0
114693,0
114694,0
114695,0
114696,0
114697,0
114698,1
114699,1
114700,1
114701,1
114702,0
114703,1
114704,0
114705,1
114706,0
114707,1
114708,0
114709,0
114710,0
114711,1
114712,1
114713,1
114714,0
114715,0
114716,1
114717,0
114718,0
114719,0
114720,1
114721,0
114722,0
114723,1
114724,1
114725,1
114726,0
114727,1
114728,1
114729,1
114730,1
114731,1
114732,1
114733,0
114734,1
114735,1
114736,1
114737,1
114738,1
114739,0
114740,1
114741,0
114742,1
114743,0
114744,1
114745,0
114746,1
114747,0
114748,1
114749,0
114750,0
114751,1
114752,1
114753,0
114754,0
114755,0
114756,0
114757,0
114758,1
114759,1
114760,1
114761,1
114762,1
114763,1
114764,0
114765,0
114766,0
114767,1
114768,1
114769,1
114770,1
114771,0
114772,0
114773,0
114774,1
114775,1
114776,0
114777,0
114778,1
114779,1
114780,0
114781,1
114782,1
114783,1
114784,1
114785,1
114786,0
114787,1
114788,1
114789,1
114790,1
114791,0
114792,0
114793,0
114794,1
114795,1
114796,0
114797,1
114798,1
114799,1
114800,1
114801,1
114802,1
114803,1
114804,0
114805,1
114806,0
114807,1
114808,1
114809,1
114810,0
114811,1
114812,0
114813,1
114814,1
114815,1
114816,0
114817,1
114818,1
114819,1
114820,1
114821,0
114822,1
114823,1
114824,1
114825,1
114826,0
114827,0
114828,0
114829,1
114830,0
114831,1
114832,0
114833,1
114834,1
114835,1
114836,0
114837,0
114838,1
114839,1
114840,0
114841,1
114842,0
114843,1
114844,0
114845,0
114846,0
114847,1
114848,1
114849,0
114850,0
114851,1
114852,1
114853,1
114854,1
114855,1
114856,1
114857,0
114858,1
114859,0
114860,0
114861,0
114862,0
114863,1
114864,1
114865,1
114866,0
114867,1
114868,0
114869,0
114870,1
114871,1
114872,1
114873,1
114874,1
114875,1
114876,0
114877,0
114878,1
114879,1
114880,1
114881,1
114882,1
114883,1
114884,1
114885,0
114886,1
114887,1
114888,1
114889,1
114890,1
114891,1
114892,0
114893,1
114894,1
114895,0
114896,0
114897,1
114898,1
114899,0
114900,1
114901,1
114902,1
114903,1
114904,1
114905,1
114906,1
114907,1
114908,0
114909,1
114910,0
114911,1
114912,0
114913,0
114914,1
114915,1
114916,1
114917,1
114918,1
114919,1
114920,0
114921,0
114922,1
114923,1
114924,1
114925,1
114926,1
114927,1
114928,1
114929,1
114930,1
114931,0
114932,1
114933,0
114934,0
114935,1
114936,0
114937,1
114938,1
114939,1
114940,0
114941,1
114942,1
114943,1
114944,1
114945,1
114946,1
114947,1
114948,0
114949,1
114950,0
114951,0
114952,1
114953,0
114954,1
114955,0
114956,0
114957,1
114958,1
114959,0
114960,1
114961,0
114962,1
114963,0
114964,1
114965,1
114966,0
114967,1
114968,0
114969,1
114970,0
114971,1
114972,0
114973,1
114974,1
114975,0
114976,1
114977,0
114978,1
114979,0
114980,1
114981,1
114982,1
114983,1
114984,0
114985,1
114986,1
114987,0
114988,1
114989,1
114990,0
114991,0
114992,0
114993,0
114994,1
114995,1
114996,1
114997,0
114998,1
114999,0
115000,0
